Name,Link
Dennis Lillee,https://www.espncricinfo.com/cricketers/dennis-lillee-6295
Gary Gilmour,https://www.espncricinfo.com/cricketers/gary-gilmour-5396
Jeff Thomson,https://www.espncricinfo.com/cricketers/jeff-thomson-7946
Max Walker,https://www.espncricinfo.com/cricketers/max-walker-8137
Greg Chappell,https://www.espncricinfo.com/cricketers/greg-chappell-4558
Doug Walters,https://www.espncricinfo.com/cricketers/doug-walters-8151
Bernard Julien,https://www.espncricinfo.com/cricketers/bernard-julien-52208
Andy Roberts,https://www.espncricinfo.com/cricketers/andy-roberts-52817
Keith Boyce,https://www.espncricinfo.com/cricketers/keith-boyce-51229
Vanburn Holder,https://www.espncricinfo.com/cricketers/vanburn-holder-52061
Clive Lloyd,https://www.espncricinfo.com/cricketers/clive-lloyd-52345
Geoff Arnold,https://www.espncricinfo.com/cricketers/geoff-arnold-8566
John Snow,https://www.espncricinfo.com/cricketers/john-snow-20282
Chris Old,https://www.espncricinfo.com/cricketers/chris-old-18256
Peter Lever,https://www.espncricinfo.com/cricketers/peter-lever-16262
Richard Collinge,https://www.espncricinfo.com/cricketers/richard-collinge-36606
Dayle Hadlee,https://www.espncricinfo.com/cricketers/dayle-hadlee-37222
Lance Cairns,https://www.espncricinfo.com/cricketers/lance-cairns-36595
Brian McKechnie,https://www.espncricinfo.com/cricketers/brian-mckechnie-37707
Hedley Howarth,https://www.espncricinfo.com/cricketers/hedley-howarth-37255
Frasat Ali,https://www.espncricinfo.com/cricketers/frasat-ali-23950
Don Pringle,https://www.espncricinfo.com/cricketers/don-pringle-23969
Parbhu Nana,https://www.espncricinfo.com/cricketers/parbhu-nana-23965
Ramesh Sethi,https://www.espncricinfo.com/cricketers/ramesh-sethi-23972
Zulfiqar Ali,https://www.espncricinfo.com/cricketers/zulfiqar-ali-23977
Mehmood Quaraishy,https://www.espncricinfo.com/cricketers/mehmood-quaraishy-23961
Derek Underwood,https://www.espncricinfo.com/cricketers/derek-underwood-22149
Barry Wood,https://www.espncricinfo.com/cricketers/barry-wood-22498
Tony Greig,https://www.espncricinfo.com/cricketers/tony-greig-13463
Richard Hadlee,https://www.espncricinfo.com/cricketers/richard-hadlee-37224
Madan Lal,https://www.espncricinfo.com/cricketers/madan-lal-30873
Mohinder Amarnath,https://www.espncricinfo.com/cricketers/mohinder-amarnath-26225
Bishan Bedi,https://www.espncricinfo.com/cricketers/bishan-bedi-26875
Syed Abid Ali,https://www.espncricinfo.com/cricketers/syed-abid-ali-26169
Srinivas Venkataraghavan,https://www.espncricinfo.com/cricketers/srinivas-venkataraghavan-35656
Eknath Solkar,https://www.espncricinfo.com/cricketers/eknath-solkar-34085
Viv Richards,https://www.espncricinfo.com/cricketers/viv-richards-52812
Ashley Mallett,https://www.espncricinfo.com/cricketers/ashley-mallett-6472
Ian Chappell,https://www.espncricinfo.com/cricketers/ian-chappell-4560
Tony Opatha,https://www.espncricinfo.com/cricketers/tony-opatha-49849
Mevan Pieris,https://www.espncricinfo.com/cricketers/mevan-pieris-49861
Ajit de Silva,https://www.espncricinfo.com/cricketers/ajit-de-silva-48458
Somachandra De Silva,https://www.espncricinfo.com/cricketers/somachandra-de-silva-48454
Lalith Kaluperuma,https://www.espncricinfo.com/cricketers/lalith-kaluperuma-49487
Bandula Warnapura,https://www.espncricinfo.com/cricketers/bandula-warnapura-50835
Anura Ranasinghe,https://www.espncricinfo.com/cricketers/anura-ranasinghe-50241
Asif Masood,https://www.espncricinfo.com/cricketers/asif-masood-39012
Imran Khan,https://www.espncricinfo.com/cricketers/imran-khan-40560
Javed Miandad,https://www.espncricinfo.com/cricketers/javed-miandad-40879
Naseer Malik,https://www.espncricinfo.com/cricketers/naseer-malik-42055
Sadiq Mohammad,https://www.espncricinfo.com/cricketers/sadiq-mohammad-42601
Wasim Raja,https://www.espncricinfo.com/cricketers/wasim-raja-43553
Mushtaq Mohammad,https://www.espncricinfo.com/cricketers/mushtaq-mohammad-41318
Pervez Mir,https://www.espncricinfo.com/cricketers/pervez-mir-42323
Sarfraz Nawaz,https://www.espncricinfo.com/cricketers/sarfraz-nawaz-42630
Karsan Ghavri,https://www.espncricinfo.com/cricketers/karsan-ghavri-28813
John Jameson,https://www.espncricinfo.com/cricketers/john-jameson-15468
John Nagenda,https://www.espncricinfo.com/cricketers/john-nagenda-23964
Asif Iqbal,https://www.espncricinfo.com/cricketers/asif-iqbal-39010
Lance Gibbs,https://www.espncricinfo.com/cricketers/lance-gibbs-51883
Ian Botham,https://www.espncricinfo.com/cricketers/ian-botham-9163
Mike Hendrick,https://www.espncricinfo.com/cricketers/mike-hendrick-14159
Geoff Boycott,https://www.espncricinfo.com/cricketers/geoff-boycott-9187
Phil Edmonds,https://www.espncricinfo.com/cricketers/phil-edmonds-12486
Graham Gooch,https://www.espncricinfo.com/cricketers/graham-gooch-13399
Wayne Larkins,https://www.espncricinfo.com/cricketers/wayne-larkins-16203
Michael Holding,https://www.espncricinfo.com/cricketers/michael-holding-52063
Colin Croft,https://www.espncricinfo.com/cricketers/colin-croft-51485
Joel Garner,https://www.espncricinfo.com/cricketers/joel-garner-51876
Collis King,https://www.espncricinfo.com/cricketers/collis-king-52290
Gary Troup,https://www.espncricinfo.com/cricketers/gary-troup-38617
Jeremy Coney,https://www.espncricinfo.com/cricketers/jeremy-coney-36609
Bob Willis,https://www.espncricinfo.com/cricketers/bob-willis-22462
Sikander Bakht,https://www.espncricinfo.com/cricketers/sikander-bakht-42661
Mudassar Nazar,https://www.espncricinfo.com/cricketers/mudassar-nazar-41308
Majid Khan,https://www.espncricinfo.com/cricketers/majid-khan-41919
Kapil Dev,https://www.espncricinfo.com/cricketers/kapil-dev-30028
Ranjan Gunatilleke,https://www.espncricinfo.com/cricketers/ranjan-gunatilleke-49081
Stanley De Silva,https://www.espncricinfo.com/cricketers/stanley-de-silva-48453
Ewen Chatfield,https://www.espncricinfo.com/cricketers/ewen-chatfield-36603
John Morrison,https://www.espncricinfo.com/cricketers/john-morrison-37731
Rodney Hogg,https://www.espncricinfo.com/cricketers/rodney-hogg-5685
Alan Hurst,https://www.espncricinfo.com/cricketers/alan-hurst-5732
Geoff Dymock,https://www.espncricinfo.com/cricketers/geoff-dymock-4999
Graeme Porter,https://www.espncricinfo.com/cricketers/graeme-porter-7135
Gary Cosier,https://www.espncricinfo.com/cricketers/gary-cosier-4629
John Valentine,https://www.espncricinfo.com/cricketers/john-valentine-23794
Robert Callender,https://www.espncricinfo.com/cricketers/robert-callender-23764
Cornelius Henry,https://www.espncricinfo.com/cricketers/cornelius-henry-23773
John Vaughan,https://www.espncricinfo.com/cricketers/john-vaughan-23795
Jitendra Patel,https://www.espncricinfo.com/cricketers/jitendra-patel-23782
Graham Yallop,https://www.espncricinfo.com/cricketers/graham-yallop-8448
Allan Border,https://www.espncricinfo.com/cricketers/allan-border-4174
Geoff Miller,https://www.espncricinfo.com/cricketers/geoff-miller-17025
Martin Stead,https://www.espncricinfo.com/cricketers/martin-stead-23792
Warren Stott,https://www.espncricinfo.com/cricketers/warren-stott-38405
Sudath Pasqual,https://www.espncricinfo.com/cricketers/sudath-pasqual-49852
Trevor Laughlin,https://www.espncricinfo.com/cricketers/trevor-laughlin-6261
Glenroy Sealy,https://www.espncricinfo.com/cricketers/glenroy-sealy-23788
Malcolm Marshall,https://www.espncricinfo.com/cricketers/malcolm-marshall-52419
Larry Gomes,https://www.espncricinfo.com/cricketers/larry-gomes-51891
Balwinder Sandhu,https://www.espncricinfo.com/cricketers/balwinder-sandhu-33816
Roger Binny,https://www.espncricinfo.com/cricketers/roger-binny-26948
Kirti Azad,https://www.espncricinfo.com/cricketers/kirti-azad-26325
Graham Dilley,https://www.espncricinfo.com/cricketers/graham-dilley-11893
Paul Allott,https://www.espncricinfo.com/cricketers/paul-allott-8526
Vic Marks,https://www.espncricinfo.com/cricketers/vic-marks-16899
Rashid Khan,https://www.espncricinfo.com/cricketers/rashid-khan-793463
Abdul Qadir,https://www.espncricinfo.com/cricketers/abdul-qadir-38973
Shahid Mahboob,https://www.espncricinfo.com/cricketers/shahid-mahboob-42644
Zaheer Abbas,https://www.espncricinfo.com/cricketers/zaheer-abbas-43695
Mohsin Khan,https://www.espncricinfo.com/cricketers/mohsin-khan-41303
Norman Cowans,https://www.espncricinfo.com/cricketers/norman-cowans-10839
Mike Gatting,https://www.espncricinfo.com/cricketers/mike-gatting-13340
Ashantha de Mel,https://www.espncricinfo.com/cricketers/ashantha-de-mel-48447
Rumesh Ratnayake,https://www.espncricinfo.com/cricketers/rumesh-ratnayake-50249
Vinothen John,https://www.espncricinfo.com/cricketers/vinothen-john-49213
Arjuna Ranatunga,https://www.espncricinfo.com/cricketers/arjuna-ranatunga-50244
John Bracewell,https://www.espncricinfo.com/cricketers/john-bracewell-36306
Ijaz Faqih,https://www.espncricinfo.com/cricketers/ijaz-faqih-40556
Geoff Lawson,https://www.espncricinfo.com/cricketers/geoff-lawson-6272
Tom Hogan,https://www.espncricinfo.com/cricketers/tom-hogan-5679
Ken MacLeay,https://www.espncricinfo.com/cricketers/ken-macleay-6453
Winston Davis,https://www.espncricinfo.com/cricketers/winston-davis-51643
Wayne Daniel,https://www.espncricinfo.com/cricketers/wayne-daniel-51639
Peter Rawson,https://www.espncricinfo.com/cricketers/peter-rawson-55710
Iain Butchart,https://www.espncricinfo.com/cricketers/iain-butchart-55280
John Traicos,https://www.espncricinfo.com/cricketers/john-traicos-55802
Kevin Curran,https://www.espncricinfo.com/cricketers/kevin-curran-55324
Duncan Fletcher,https://www.espncricinfo.com/cricketers/duncan-fletcher-55424
Athula Samarasekera,https://www.espncricinfo.com/cricketers/athula-samarasekera-50421
Sidath Wettimuny,https://www.espncricinfo.com/cricketers/sidath-wettimuny-50844
Martin Snedden,https://www.espncricinfo.com/cricketers/martin-snedden-38398
Martin Crowe,https://www.espncricinfo.com/cricketers/martin-crowe-36622
Trevor Chappell,https://www.espncricinfo.com/cricketers/trevor-chappell-4561
Ravi Shastri,https://www.espncricinfo.com/cricketers/ravi-shastri-33975
Mansoor Akhtar,https://www.espncricinfo.com/cricketers/mansoor-akhtar-41263
Vince Hogg,https://www.espncricinfo.com/cricketers/vince-hogg-55493
Sandeep Patil,https://www.espncricinfo.com/cricketers/sandeep-patil-32283
Ali Shah,https://www.espncricinfo.com/cricketers/ali-shah-55680
Tahir Naqqash,https://www.espncricinfo.com/cricketers/tahir-naqqash-43271
Phil DeFreitas,https://www.espncricinfo.com/cricketers/phil-defreitas-11865
Gladstone Small,https://www.espncricinfo.com/cricketers/gladstone-small-20217
Neil Foster,https://www.espncricinfo.com/cricketers/neil-foster-12879
Eddie Hemmings,https://www.espncricinfo.com/cricketers/eddie-hemmings-14152
John Emburey,https://www.espncricinfo.com/cricketers/john-emburey-12514
Craig McDermott,https://www.espncricinfo.com/cricketers/craig-mcdermott-6551
Bruce Reid,https://www.espncricinfo.com/cricketers/bruce-reid-7319
Steve Waugh,https://www.espncricinfo.com/cricketers/steve-waugh-8192
Simon O'Donnell,https://www.espncricinfo.com/cricketers/simon-o-donnell-6995
Tim May,https://www.espncricinfo.com/cricketers/tim-may-6534
Manoj Prabhakar,https://www.espncricinfo.com/cricketers/manoj-prabhakar-32323
Maninder Singh,https://www.espncricinfo.com/cricketers/maninder-singh-30923
Chetan Sharma,https://www.espncricinfo.com/cricketers/chetan-sharma-33949
Mohammad Azharuddin,https://www.espncricinfo.com/cricketers/mohammad-azharuddin-26329
Saleem Jaffar,https://www.espncricinfo.com/cricketers/saleem-jaffar-42879
Wasim Akram,https://www.espncricinfo.com/cricketers/wasim-akram-43547
Tauseef Ahmed,https://www.espncricinfo.com/cricketers/tauseef-ahmed-43277
Saleem Malik,https://www.espncricinfo.com/cricketers/saleem-malik-42623
Danny Morrison,https://www.espncricinfo.com/cricketers/danny-morrison-37730
Willie Watson,https://www.espncricinfo.com/cricketers/willie-watson-38742
Dipak Patel,https://www.espncricinfo.com/cricketers/dipak-patel-38118
Patrick Patterson,https://www.espncricinfo.com/cricketers/patrick-patterson-52671
Courtney Walsh,https://www.espncricinfo.com/cricketers/courtney-walsh-53216
Roger Harper,https://www.espncricinfo.com/cricketers/roger-harper-52045
Winston Benjamin,https://www.espncricinfo.com/cricketers/winston-benjamin-51220
Malcolm Jarvis,https://www.espncricinfo.com/cricketers/malcolm-jarvis-55525
Eddo Brandes,https://www.espncricinfo.com/cricketers/eddo-brandes-55267
Dean Jones,https://www.espncricinfo.com/cricketers/dean-jones-6044
David Boon,https://www.espncricinfo.com/cricketers/david-boon-4169
Ravi Ratnayeke,https://www.espncricinfo.com/cricketers/ravi-ratnayeke-50250
Sridharan Jeganathan,https://www.espncricinfo.com/cricketers/sridharan-jeganathan-49212
Don Anurasiri,https://www.espncricinfo.com/cricketers/don-anurasiri-48120
Aravinda de Silva,https://www.espncricinfo.com/cricketers/aravinda-de-silva-48462
Stephen Boock,https://www.espncricinfo.com/cricketers/stephen-boock-36303
Andrew Zesers,https://www.espncricinfo.com/cricketers/andrew-zesers-8466
Carl Hooper,https://www.espncricinfo.com/cricketers/carl-hooper-52066
Manzoor Elahi,https://www.espncricinfo.com/cricketers/manzoor-elahi-41262
Tom Moody,https://www.espncricinfo.com/cricketers/tom-moody-6628
Derek Pringle,https://www.espncricinfo.com/cricketers/derek-pringle-18627
Bill Athey,https://www.espncricinfo.com/cricketers/bill-athey-8581
Chris Broad,https://www.espncricinfo.com/cricketers/chris-broad-9230
Allan Lamb,https://www.espncricinfo.com/cricketers/allan-lamb-16178
Laxman Sivaramakrishnan,https://www.espncricinfo.com/cricketers/laxman-sivaramakrishnan-34074
Babu Meman,https://www.espncricinfo.com/cricketers/babu-meman-55591
Eldine Baptiste,https://www.espncricinfo.com/cricketers/eldine-baptiste-51211
Asanka Gurusinha,https://www.espncricinfo.com/cricketers/asanka-gurusinha-49005
Richie Richardson,https://www.espncricinfo.com/cricketers/richie-richardson-52810
Peter Taylor,https://www.espncricinfo.com/cricketers/peter-taylor-7926
Chris Lewis,https://www.espncricinfo.com/cricketers/chris-lewis-16274
Richard Illingworth,https://www.espncricinfo.com/cricketers/richard-illingworth-15383
Dermot Reeve,https://www.espncricinfo.com/cricketers/dermot-reeve-19364
Aaqib Javed,https://www.espncricinfo.com/cricketers/aaqib-javed-38970
Mushtaq Ahmed,https://www.espncricinfo.com/cricketers/mushtaq-ahmed-41316
Ijaz Ahmed,https://www.espncricinfo.com/cricketers/ijaz-ahmed-40551
Aamer Sohail,https://www.espncricinfo.com/cricketers/aamer-sohail-38967
Allan Donald,https://www.espncricinfo.com/cricketers/allan-donald-44716
Meyrick Pringle,https://www.espncricinfo.com/cricketers/meyrick-pringle-46790
Richard Snell,https://www.espncricinfo.com/cricketers/richard-snell-47215
Brian McMillan,https://www.espncricinfo.com/cricketers/brian-mcmillan-46214
Adrian Kuiper,https://www.espncricinfo.com/cricketers/adrian-kuiper-45840
Hansie Cronje,https://www.espncricinfo.com/cricketers/hansie-cronje-44485
Iqbal Sikander,https://www.espncricinfo.com/cricketers/iqbal-sikander-40574
Gavin Larsen,https://www.espncricinfo.com/cricketers/gavin-larsen-37601
Chris Harris,https://www.espncricinfo.com/cricketers/chris-harris-37232
Curtly Ambrose,https://www.espncricinfo.com/cricketers/curtly-ambrose-51107
Anderson Cummins,https://www.espncricinfo.com/cricketers/anderson-cummins-51488
Phil Simmons,https://www.espncricinfo.com/cricketers/phil-simmons-52934
Mike Whitney,https://www.espncricinfo.com/cricketers/mike-whitney-8220
Phil Tufnell,https://www.espncricinfo.com/cricketers/phil-tufnell-21611
Andrew Jones,https://www.espncricinfo.com/cricketers/andrew-jones-37491
Rod Latham,https://www.espncricinfo.com/cricketers/rod-latham-37602
Ken Rutherford,https://www.espncricinfo.com/cricketers/ken-rutherford-38258
Mark Greatbatch,https://www.espncricinfo.com/cricketers/mark-greatbatch-37105
Kapila Wijegunawardene,https://www.espncricinfo.com/cricketers/kapila-wijegunawardene-50852
Champaka Ramanayake,https://www.espncricinfo.com/cricketers/champaka-ramanayake-50240
Pramodya Wickramasinghe,https://www.espncricinfo.com/cricketers/pramodya-wickramasinghe-50848
Chandika Hathurusinghe,https://www.espncricinfo.com/cricketers/chandika-hathurusinghe-49125
Ruwan Kalpage,https://www.espncricinfo.com/cricketers/ruwan-kalpage-49356
Sachin Tendulkar,https://www.espncricinfo.com/cricketers/sachin-tendulkar-35320
Javagal Srinath,https://www.espncricinfo.com/cricketers/javagal-srinath-34105
Venkatapathy Raju,https://www.espncricinfo.com/cricketers/venkatapathy-raju-33044
Chris Cairns,https://www.espncricinfo.com/cricketers/chris-cairns-36597
Graeme Hick,https://www.espncricinfo.com/cricketers/graeme-hick-14187
Kevin Duers,https://www.espncricinfo.com/cricketers/kevin-duers-55382
Mark Burmester,https://www.espncricinfo.com/cricketers/mark-burmester-55279
Keith Arthurton,https://www.espncricinfo.com/cricketers/keith-arthurton-51110
Peter Kirsten,https://www.espncricinfo.com/cricketers/peter-kirsten-45815
Subroto Banerjee,https://www.espncricinfo.com/cricketers/subroto-banerjee-26853
Kris Srikkanth,https://www.espncricinfo.com/cricketers/kris-srikkanth-34103
Mark Waugh,https://www.espncricinfo.com/cricketers/mark-waugh-8189
Ajay Jadeja,https://www.espncricinfo.com/cricketers/ajay-jadeja-29632
Graeme Labrooy,https://www.espncricinfo.com/cricketers/graeme-labrooy-49552
Sanath Jayasuriya,https://www.espncricinfo.com/cricketers/sanath-jayasuriya-49209
Wasim Haider,https://www.espncricinfo.com/cricketers/wasim-haider-43550
Omar Henry,https://www.espncricinfo.com/cricketers/omar-henry-45437
Merv Hughes,https://www.espncricinfo.com/cricketers/merv-hughes-5726
Tertius Bosch,https://www.espncricinfo.com/cricketers/tertius-bosch-44097
Dave Houghton,https://www.espncricinfo.com/cricketers/dave-houghton-55497
Chaminda Vaas,https://www.espncricinfo.com/cricketers/chaminda-vaas-50804
Muthiah Muralidaran,https://www.espncricinfo.com/cricketers/muthiah-muralidaran-49636
Kumar Dharmasena,https://www.espncricinfo.com/cricketers/kumar-dharmasena-48469
Glenn McGrath,https://www.espncricinfo.com/cricketers/glenn-mcgrath-6565
Damien Fleming,https://www.espncricinfo.com/cricketers/damien-fleming-5239
Shane Warne,https://www.espncricinfo.com/cricketers/shane-warne-8166
Paul Reiffel,https://www.espncricinfo.com/cricketers/paul-reiffel-7326
Michael Bevan,https://www.espncricinfo.com/cricketers/michael-bevan-4144
Ian Bishop,https://www.espncricinfo.com/cricketers/ian-bishop-51226
Ottis Gibson,https://www.espncricinfo.com/cricketers/ottis-gibson-51885
Jimmy Adams,https://www.espncricinfo.com/cricketers/jimmy-adams-51100
Stuart Law,https://www.espncricinfo.com/cricketers/stuart-law-6274
Anil Kumble,https://www.espncricinfo.com/cricketers/anil-kumble-30176
Venkatesh Prasad,https://www.espncricinfo.com/cricketers/venkatesh-prasad-32345
Aashish Kapoor,https://www.espncricinfo.com/cricketers/aashish-kapoor-30030
Dion Nash,https://www.espncricinfo.com/cricketers/dion-nash-38008
Shane Thomson,https://www.espncricinfo.com/cricketers/shane-thomson-38613
Nathan Astle,https://www.espncricinfo.com/cricketers/nathan-astle-36185
Roger Twose,https://www.espncricinfo.com/cricketers/roger-twose-38624
Shaun Pollock,https://www.espncricinfo.com/cricketers/shaun-pollock-46774
Craig Matthews,https://www.espncricinfo.com/cricketers/craig-matthews-46189
Pat Symcox,https://www.espncricinfo.com/cricketers/pat-symcox-47267
Paul Adams,https://www.espncricinfo.com/cricketers/paul-adams-43919
Waqar Younis,https://www.espncricinfo.com/cricketers/waqar-younis-43543
Ata-ur-Rehman,https://www.espncricinfo.com/cricketers/ata-ur-rehman-39015
Peter Martin,https://www.espncricinfo.com/cricketers/peter-martin-16925
Darren Gough,https://www.espncricinfo.com/cricketers/darren-gough-13411
Robert Kennedy,https://www.espncricinfo.com/cricketers/robert-kennedy-37530
Martin Suji,https://www.espncricinfo.com/cricketers/martin-suji-24725
Rajab Ali,https://www.espncricinfo.com/cricketers/rajab-ali-24687
Lameck Onyango,https://www.espncricinfo.com/cricketers/lameck-onyango-24711
Tito Odumbe,https://www.espncricinfo.com/cricketers/tito-odumbe-24706
Aasif Karim,https://www.espncricinfo.com/cricketers/aasif-karim-24699
David Tikolo,https://www.espncricinfo.com/cricketers/david-tikolo-24726
Maurice Odumbe,https://www.espncricinfo.com/cricketers/maurice-odumbe-24708
Steve Tikolo,https://www.espncricinfo.com/cricketers/steve-tikolo-24728
Ravindra Pushpakumara,https://www.espncricinfo.com/cricketers/ravindra-pushpakumara-49863
Hashan Tillakaratne,https://www.espncricinfo.com/cricketers/hashan-tillakaratne-50744
Heath Streak,https://www.espncricinfo.com/cricketers/heath-streak-55761
Charlie Lock,https://www.espncricinfo.com/cricketers/charlie-lock-55560
Bryan Strang,https://www.espncricinfo.com/cricketers/bryan-strang-55756
Paul Strang,https://www.espncricinfo.com/cricketers/paul-strang-55758
Stephen Peall,https://www.espncricinfo.com/cricketers/stephen-peall-55691
Guy Whittall,https://www.espncricinfo.com/cricketers/guy-whittall-55848
Grant Flower,https://www.espncricinfo.com/cricketers/grant-flower-55429
Alistair Campbell,https://www.espncricinfo.com/cricketers/alistair-campbell-55301
Paul-Jan Bakker,https://www.espncricinfo.com/cricketers/paul-jan-bakker-24860
Steven Lubbers,https://www.espncricinfo.com/cricketers/steven-lubbers-24920
Tim de Leede,https://www.espncricinfo.com/cricketers/tim-de-leede-24882
Flavian Aponso,https://www.espncricinfo.com/cricketers/flavian-aponso-24857
Peter Cantrell,https://www.espncricinfo.com/cricketers/peter-cantrell-24874
Eric Gouka,https://www.espncricinfo.com/cricketers/eric-gouka-24897
Jacques Kallis,https://www.espncricinfo.com/cricketers/jacques-kallis-45789
Daryll Cullinan,https://www.espncricinfo.com/cricketers/daryll-cullinan-44489
Dominic Cork,https://www.espncricinfo.com/cricketers/dominic-cork-10816
Salil Ankola,https://www.espncricinfo.com/cricketers/salil-ankola-26257
Shahzad Altaf,https://www.espncricinfo.com/cricketers/shahzad-altaf-25545
Johanne Samarasekera,https://www.espncricinfo.com/cricketers/johanne-samarasekera-25544
Saeed-al-Saffar,https://www.espncricinfo.com/cricketers/saeed-al-saffar-25542
Shaukat Dukanwala,https://www.espncricinfo.com/cricketers/shaukat-dukanwala-25534
Sultan Zarawani,https://www.espncricinfo.com/cricketers/sultan-zarawani-25547
Saleem Raza,https://www.espncricinfo.com/cricketers/saleem-raza-25543
Azhar Saeed,https://www.espncricinfo.com/cricketers/azhar-saeed-25533
Roland Lefebvre,https://www.espncricinfo.com/cricketers/roland-lefebvre-24918
Shane Lee,https://www.espncricinfo.com/cricketers/shane-lee-6282
Saqlain Mushtaq,https://www.espncricinfo.com/cricketers/saqlain-mushtaq-42628
Cameron Cuffy,https://www.espncricinfo.com/cricketers/cameron-cuffy-51487
Thomas Odoyo,https://www.espncricinfo.com/cricketers/thomas-odoyo-24705
Arshad Laeeq,https://www.espncricinfo.com/cricketers/arshad-laeeq-25532
Mazhar Hussain,https://www.espncricinfo.com/cricketers/mazhar-hussain-25536
Floris Jansen,https://www.espncricinfo.com/cricketers/floris-jansen-24911
Neil Smith,https://www.espncricinfo.com/cricketers/neil-smith-20259
Graham Thorpe,https://www.espncricinfo.com/cricketers/graham-thorpe-21537
Fanie de Villiers,https://www.espncricinfo.com/cricketers/fanie-de-villiers-44696
Craig White,https://www.espncricinfo.com/cricketers/craig-white-22403
Stephen Fleming,https://www.espncricinfo.com/cricketers/stephen-fleming-37000
Gary Kirsten,https://www.espncricinfo.com/cricketers/gary-kirsten-45813
Shoaib Akhtar,https://www.espncricinfo.com/cricketers/shoaib-akhtar-42655
Abdul Razzaq,https://www.espncricinfo.com/cricketers/abdul-razzaq-39836
Azhar Mahmood,https://www.espncricinfo.com/cricketers/azhar-mahmood-39024
Steve Elworthy,https://www.espncricinfo.com/cricketers/steve-elworthy-44960
Lance Klusener,https://www.espncricinfo.com/cricketers/lance-klusener-45821
Shahid Afridi,https://www.espncricinfo.com/cricketers/shahid-afridi-42639
Geoff Allott,https://www.espncricinfo.com/cricketers/geoff-allott-36179
Craig McMillan,https://www.espncricinfo.com/cricketers/craig-mcmillan-37712
Nicky Boje,https://www.espncricinfo.com/cricketers/nicky-boje-44091
Debasis Mohanty,https://www.espncricinfo.com/cricketers/debasis-mohanty-31025
Robin Singh,https://www.espncricinfo.com/cricketers/robin-singh-34059
Sourav Ganguly,https://www.espncricinfo.com/cricketers/sourav-ganguly-28779
Pommie Mbangwa,https://www.espncricinfo.com/cricketers/pommie-mbangwa-55584
Henry Olonga,https://www.espncricinfo.com/cricketers/henry-olonga-55675
Adam Huckle,https://www.espncricinfo.com/cricketers/adam-huckle-55502
Neil Johnson,https://www.espncricinfo.com/cricketers/neil-johnson-55528
Andy Whittall,https://www.espncricinfo.com/cricketers/andy-whittall-55846
Khaled Mahmud,https://www.espncricinfo.com/cricketers/khaled-mahmud-55952
Shafiuddin Ahmed,https://www.espncricinfo.com/cricketers/shafiuddin-ahmed-56101
Neeyamur Rashid,https://www.espncricinfo.com/cricketers/neeyamur-rashid-56044
Mohammad Rafique,https://www.espncricinfo.com/cricketers/mohammad-rafique-55973
Minhajul Abedin,https://www.espncricinfo.com/cricketers/minhajul-abedin-55971
Naimur Rahman,https://www.espncricinfo.com/cricketers/naimur-rahman-56035
Carl Bulfin,https://www.espncricinfo.com/cricketers/carl-bulfin-36312
John Blain,https://www.espncricinfo.com/cricketers/john-blain-25087
Asim Butt,https://www.espncricinfo.com/cricketers/asim-butt-25429
Gavin Hamilton,https://www.espncricinfo.com/cricketers/gavin-hamilton-14020
Joseph Angara,https://www.espncricinfo.com/cricketers/joseph-angara-24689
Jimmy Kamande,https://www.espncricinfo.com/cricketers/jimmy-kamande-24697
Mahela Jayawardene,https://www.espncricinfo.com/cricketers/mahela-jayawardene-49289
Upul Chandana,https://www.espncricinfo.com/cricketers/upul-chandana-48369
Brendon Julian,https://www.espncricinfo.com/cricketers/brendon-julian-6056
Mervyn Dillon,https://www.espncricinfo.com/cricketers/mervyn-dillon-51651
Reon King,https://www.espncricinfo.com/cricketers/reon-king-52294
Angus Fraser,https://www.espncricinfo.com/cricketers/angus-fraser-12909
Alan Mullally,https://www.espncricinfo.com/cricketers/alan-mullally-17121
Mark Ealham,https://www.espncricinfo.com/cricketers/mark-ealham-12466
Andrew Flintoff,https://www.espncricinfo.com/cricketers/andrew-flintoff-12856
Adam Hollioake,https://www.espncricinfo.com/cricketers/adam-hollioake-14244
Hasibul Hossain,https://www.espncricinfo.com/cricketers/hasibul-hossain-55909
Manjurul Islam,https://www.espncricinfo.com/cricketers/manjurul-islam-55968
Enamul Haque,https://www.espncricinfo.com/cricketers/enamul-haque-55878
Hendy Bryan,https://www.espncricinfo.com/cricketers/hendy-bryan-51235
Eric Upashantha,https://www.espncricinfo.com/cricketers/eric-upashantha-50791
Mohammad Sheikh,https://www.espncricinfo.com/cricketers/mohammad-sheikh-24721
James Brinkley,https://www.espncricinfo.com/cricketers/james-brinkley-25409
Ian Stanger,https://www.espncricinfo.com/cricketers/ian-stanger-25115
Nick Dyer,https://www.espncricinfo.com/cricketers/nick-dyer-25092
Ajit Agarkar,https://www.espncricinfo.com/cricketers/ajit-agarkar-26184
Nikhil Chopra,https://www.espncricinfo.com/cricketers/nikhil-chopra-27641
Damien Martyn,https://www.espncricinfo.com/cricketers/damien-martyn-6513
Darren Lehmann,https://www.espncricinfo.com/cricketers/darren-lehmann-6285
Robert Croft,https://www.espncricinfo.com/cricketers/robert-croft-10881
Adam Dale,https://www.espncricinfo.com/cricketers/adam-dale-4890
Ian Austin,https://www.espncricinfo.com/cricketers/ian-austin-8590
Tony Suji,https://www.espncricinfo.com/cricketers/tony-suji-24723
Ricardo Powell,https://www.espncricinfo.com/cricketers/ricardo-powell-52681
Zaheer Khan,https://www.espncricinfo.com/cricketers/zaheer-khan-30102
Ashish Nehra,https://www.espncricinfo.com/cricketers/ashish-nehra-31820
Harbhajan Singh,https://www.espncricinfo.com/cricketers/harbhajan-singh-29264
Virender Sehwag,https://www.espncricinfo.com/cricketers/virender-sehwag-35263
Dinesh Mongia,https://www.espncricinfo.com/cricketers/dinesh-mongia-31034
Yuvraj Singh,https://www.espncricinfo.com/cricketers/yuvraj-singh-36084
Brett Lee,https://www.espncricinfo.com/cricketers/brett-lee-6278
Brad Hogg,https://www.espncricinfo.com/cricketers/brad-hogg-5681
Andy Bichel,https://www.espncricinfo.com/cricketers/andy-bichel-4146
Andrew Symonds,https://www.espncricinfo.com/cricketers/andrew-symonds-7702
Peter Ongondo,https://www.espncricinfo.com/cricketers/peter-ongondo-24762
Collins Obuya,https://www.espncricinfo.com/cricketers/collins-obuya-24752
Pulasthi Gunaratne,https://www.espncricinfo.com/cricketers/pulasthi-gunaratne-49043
Russel Arnold,https://www.espncricinfo.com/cricketers/russel-arnold-48122
Ian Harvey,https://www.espncricinfo.com/cricketers/ian-harvey-5597
Andy Blignaut,https://www.espncricinfo.com/cricketers/andy-blignaut-55259
Travis Friend,https://www.espncricinfo.com/cricketers/travis-friend-55438
Douglas Hondo,https://www.espncricinfo.com/cricketers/douglas-hondo-55509
Dougie Marillier,https://www.espncricinfo.com/cricketers/dougie-marillier-55578
Stuart Matsikenyeri,https://www.espncricinfo.com/cricketers/stuart-matsikenyeri-55612
Sean Ervine,https://www.espncricinfo.com/cricketers/sean-ervine-55414
Dilhara Fernando,https://www.espncricinfo.com/cricketers/dilhara-fernando-48835
Daryl Tuffey,https://www.espncricinfo.com/cricketers/daryl-tuffey-38620
Shane Bond,https://www.espncricinfo.com/cricketers/shane-bond-36326
Jacob Oram,https://www.espncricinfo.com/cricketers/jacob-oram-38062
Daniel Vettori,https://www.espncricinfo.com/cricketers/daniel-vettori-38710
Scott Styris,https://www.espncricinfo.com/cricketers/scott-styris-38407
Andre Adams,https://www.espncricinfo.com/cricketers/andre-adams-36192
Prabath Nissanka,https://www.espncricinfo.com/cricketers/prabath-nissanka-49769
Vasbert Drakes,https://www.espncricinfo.com/cricketers/vasbert-drakes-51655
Jermaine Lawson,https://www.espncricinfo.com/cricketers/jermaine-lawson-52413
Shivnarine Chanderpaul,https://www.espncricinfo.com/cricketers/shivnarine-chanderpaul-51469
Wavell Hinds,https://www.espncricinfo.com/cricketers/wavell-hinds-52057
Makhaya Ntini,https://www.espncricinfo.com/cricketers/makhaya-ntini-46592
Monde Zondeki,https://www.espncricinfo.com/cricketers/monde-zondeki-48112
Andrew Hall,https://www.espncricinfo.com/cricketers/andrew-hall-45396
Ashish Patel,https://www.espncricinfo.com/cricketers/ashish-patel-23770
John Davison,https://www.espncricinfo.com/cricketers/john-davison-23852
Austin Codrington,https://www.espncricinfo.com/cricketers/austin-codrington-23848
Barry Seebaran,https://www.espncricinfo.com/cricketers/barry-seebaran-23785
Nicholas Ifill,https://www.espncricinfo.com/cricketers/nicholas-ifill-23816
Gerrie Snyman,https://www.espncricinfo.com/cricketers/gerrie-snyman-24827
Rudi van Vuuren,https://www.espncricinfo.com/cricketers/rudi-van-vuuren-24825
Burton van Rooi,https://www.espncricinfo.com/cricketers/burton-van-rooi-24798
Louis Burger,https://www.espncricinfo.com/cricketers/louis-burger-24837
Jan-Berrie Burger,https://www.espncricinfo.com/cricketers/jan-berrie-burger-24839
Deon Kotze,https://www.espncricinfo.com/cricketers/deon-kotze-24841
Sarel Burger,https://www.espncricinfo.com/cricketers/sarel-burger-24844
Edgar Schiferli,https://www.espncricinfo.com/cricketers/edgar-schiferli-24943
Jacob-Jan Esmeijer,https://www.espncricinfo.com/cricketers/jacob-jan-esmeijer-24891
Feiko Kloppenburg,https://www.espncricinfo.com/cricketers/feiko-kloppenburg-24901
Adeel Raja,https://www.espncricinfo.com/cricketers/adeel-raja-24978
Henk-Jan Mol,https://www.espncricinfo.com/cricketers/henk-jan-mol-24923
Andy Caddick,https://www.espncricinfo.com/cricketers/andy-caddick-10633
James Anderson,https://www.espncricinfo.com/cricketers/james-anderson-8608
Ashley Giles,https://www.espncricinfo.com/cricketers/ashley-giles-13368
Michael Vaughan,https://www.espncricinfo.com/cricketers/michael-vaughan-22182
Tapash Baisya,https://www.espncricinfo.com/cricketers/tapash-baisya-56176
Sanuar Hossain,https://www.espncricinfo.com/cricketers/sanuar-hossain-56107
Alok Kapali,https://www.espncricinfo.com/cricketers/alok-kapali-56251
Mohammad Ashraful,https://www.espncricinfo.com/cricketers/mohammad-ashraful-55988
Pedro Collins,https://www.espncricinfo.com/cricketers/pedro-collins-51479
Chris Gayle,https://www.espncricinfo.com/cricketers/chris-gayle-51880
Daan van Bunge,https://www.espncricinfo.com/cricketers/daan-van-bunge-24964
Brian Murphy,https://www.espncricinfo.com/cricketers/brian-murphy-55610
Bjorn Kotze,https://www.espncricinfo.com/cricketers/bjorn-kotze-24807
Davis Joseph,https://www.espncricinfo.com/cricketers/davis-joseph-23777
Nicholas de Groot,https://www.espncricinfo.com/cricketers/nicholas-de-groot-23854
Graeme Smith,https://www.espncricinfo.com/cricketers/graeme-smith-47270
Ronnie Irani,https://www.espncricinfo.com/cricketers/ronnie-irani-15403
Paul Collingwood,https://www.espncricinfo.com/cricketers/paul-collingwood-10772
Kyle Mills,https://www.espncricinfo.com/cricketers/kyle-mills-37740
Luuk van Troost,https://www.espncricinfo.com/cricketers/luuk-van-troost-24969
Saeed Anwar,https://www.espncricinfo.com/cricketers/saeed-anwar-42605
Jason Gillespie,https://www.espncricinfo.com/cricketers/jason-gillespie-5392
Robin Peterson,https://www.espncricinfo.com/cricketers/robin-peterson-46750
Talha Jubair,https://www.espncricinfo.com/cricketers/talha-jubair-56180
Sanjayan Thuraisingam,https://www.espncricinfo.com/cricketers/sanjayan-thuraisingam-23856
Ehsanul Hoque,https://www.espncricinfo.com/cricketers/ehsanul-hoque-55880
Ian Blackwell,https://www.espncricinfo.com/cricketers/ian-blackwell-9117
Ishwar Maraj,https://www.espncricinfo.com/cricketers/ishwar-maraj-23846
Mashrafe Mortaza,https://www.espncricinfo.com/cricketers/mashrafe-mortaza-56007
Nixon McLean,https://www.espncricinfo.com/cricketers/nixon-mclean-52430
Charl Langeveldt,https://www.espncricinfo.com/cricketers/charl-langeveldt-45963
Younis Khan,https://www.espncricinfo.com/cricketers/younis-khan-43652
Lennie Louw,https://www.espncricinfo.com/cricketers/lennie-louw-24808
Lasith Malinga,https://www.espncricinfo.com/cricketers/lasith-malinga-49758
Tillakaratne Dilshan,https://www.espncricinfo.com/cricketers/tillakaratne-dilshan-48472
Nathan Bracken,https://www.espncricinfo.com/cricketers/nathan-bracken-4185
Shaun Tait,https://www.espncricinfo.com/cricketers/shaun-tait-8076
Shane Watson,https://www.espncricinfo.com/cricketers/shane-watson-8180
Michael Clarke,https://www.espncricinfo.com/cricketers/michael-clarke-4578
Andre Nel,https://www.espncricinfo.com/cricketers/andre-nel-46569
Justin Kemp,https://www.espncricinfo.com/cricketers/justin-kemp-45797
James Franklin,https://www.espncricinfo.com/cricketers/james-franklin-37004
Jeetan Patel,https://www.espncricinfo.com/cricketers/jeetan-patel-38141
Liam Plunkett,https://www.espncricinfo.com/cricketers/liam-plunkett-19264
Stuart Broad,https://www.espncricinfo.com/cricketers/stuart-broad-10617
Jamie Dalrymple,https://www.espncricinfo.com/cricketers/jamie-dalrymple-11974
Corey Collymore,https://www.espncricinfo.com/cricketers/corey-collymore-51481
Daren Powell,https://www.espncricinfo.com/cricketers/daren-powell-52790
Jerome Taylor,https://www.espncricinfo.com/cricketers/jerome-taylor-53191
Dwayne Bravo,https://www.espncricinfo.com/cricketers/dwayne-bravo-51439
Ramnaresh Sarwan,https://www.espncricinfo.com/cricketers/ramnaresh-sarwan-52969
Michael Mason,https://www.espncricinfo.com/cricketers/michael-mason-37701
Mark Gillespie,https://www.espncricinfo.com/cricketers/mark-gillespie-37111
Syed Rasel,https://www.espncricinfo.com/cricketers/syed-rasel-56160
Abdur Razzak,https://www.espncricinfo.com/cricketers/abdur-razzak-56283
Shakib Al Hasan,https://www.espncricinfo.com/cricketers/shakib-al-hasan-56143
Aftab Ahmed,https://www.espncricinfo.com/cricketers/aftab-ahmed-56266
Nuwan Kulasekara,https://www.espncricinfo.com/cricketers/nuwan-kulasekara-49535
Farveez Maharoof,https://www.espncricinfo.com/cricketers/farveez-maharoof-49638
Boyd Rankin,https://www.espncricinfo.com/cricketers/boyd-rankin-24599
Dave Langford-Smith,https://www.espncricinfo.com/cricketers/dave-langford-smith-243942
Andre Botha,https://www.espncricinfo.com/cricketers/andre-botha-44102
Kevin O'Brien,https://www.espncricinfo.com/cricketers/kevin-o-brien-24605
Kenny Carroll,https://www.espncricinfo.com/cricketers/kenny-carroll-245287
Sajid Mahmood,https://www.espncricinfo.com/cricketers/sajid-mahmood-17944
Monty Panesar,https://www.espncricinfo.com/cricketers/monty-panesar-18655
Malinga Bandara,https://www.espncricinfo.com/cricketers/malinga-bandara-48284
Shahadat Hossain,https://www.espncricinfo.com/cricketers/shahadat-hossain-56149
Trent Johnston,https://www.espncricinfo.com/cricketers/trent-johnston-6038
Kyle McCallan,https://www.espncricinfo.com/cricketers/kyle-mccallan-24251
Stuart Clark,https://www.espncricinfo.com/cricketers/stuart-clark-4582
John Mooney,https://www.espncricinfo.com/cricketers/john-mooney-24237
Ravi Bopara,https://www.espncricinfo.com/cricketers/ravi-bopara-10582
Ian Bradshaw,https://www.espncricinfo.com/cricketers/ian-bradshaw-51246
Kieron Pollard,https://www.espncricinfo.com/cricketers/kieron-pollard-230559
Andrew White,https://www.espncricinfo.com/cricketers/andrew-white-24286
Paul Mooney,https://www.espncricinfo.com/cricketers/paul-mooney-24261
Dwayne Smith,https://www.espncricinfo.com/cricketers/dwayne-smith-53118
Marlon Samuels,https://www.espncricinfo.com/cricketers/marlon-samuels-52983
Kevin Hurdle,https://www.espncricinfo.com/cricketers/kevin-hurdle-23685
Saleem Mukuddem,https://www.espncricinfo.com/cricketers/saleem-mukuddem-23755
Janeiro Tucker,https://www.espncricinfo.com/cricketers/janeiro-tucker-23694
Dwayne Leverock,https://www.espncricinfo.com/cricketers/dwayne-leverock-23742
Delyone Borden,https://www.espncricinfo.com/cricketers/delyone-borden-23756
Hiren Varaiya,https://www.espncricinfo.com/cricketers/hiren-varaiya-254114
Munaf Patel,https://www.espncricinfo.com/cricketers/munaf-patel-32965
Umar Bhatti,https://www.espncricinfo.com/cricketers/umar-bhatti-23865
Abdool Samad,https://www.espncricinfo.com/cricketers/abdool-samad-23826
Henry Osinde,https://www.espncricinfo.com/cricketers/henry-osinde-212175
Kevin Sandher,https://www.espncricinfo.com/cricketers/kevin-sandher-23824
Sunil Dhaniram,https://www.espncricinfo.com/cricketers/sunil-dhaniram-51738
Billy Stelling,https://www.espncricinfo.com/cricketers/billy-stelling-47232
Darron Reekers,https://www.espncricinfo.com/cricketers/darron-reekers-38261
Mark Jonkman,https://www.espncricinfo.com/cricketers/mark-jonkman-245397
Mohammad Kashif,https://www.espncricinfo.com/cricketers/mohammad-kashif-243073
Ryan ten Doeschate,https://www.espncricinfo.com/cricketers/ryan-ten-doeschate-47660
Paul Hoffmann,https://www.espncricinfo.com/cricketers/paul-hoffmann-25432
Craig Wright,https://www.espncricinfo.com/cricketers/craig-wright-25123
Glenn Rogers,https://www.espncricinfo.com/cricketers/glenn-rogers-272473
Dougie Brown,https://www.espncricinfo.com/cricketers/dougie-brown-9254
Majid Haq,https://www.espncricinfo.com/cricketers/majid-haq-25451
Chris Mpofu,https://www.espncricinfo.com/cricketers/chris-mpofu-55633
Tawanda Mupariwa,https://www.espncricinfo.com/cricketers/tawanda-mupariwa-55652
Elton Chigumbura,https://www.espncricinfo.com/cricketers/elton-chigumbura-55343
Gary Brent,https://www.espncricinfo.com/cricketers/gary-brent-55269
Sean Williams,https://www.espncricinfo.com/cricketers/sean-williams-55870
Prosper Utseya,https://www.espncricinfo.com/cricketers/prosper-utseya-55820
Chamu Chibhabha,https://www.espncricinfo.com/cricketers/chamu-chibhabha-55354
Umar Gul,https://www.espncricinfo.com/cricketers/umar-gul-43524
Mohammad Sami,https://www.espncricinfo.com/cricketers/mohammad-sami-41324
Danish Kaneria,https://www.espncricinfo.com/cricketers/danish-kaneria-40043
Mohammad Yousuf,https://www.espncricinfo.com/cricketers/mohammad-yousuf-43650
Dewald Nel,https://www.espncricinfo.com/cricketers/dewald-nel-25481
Anthony Ireland,https://www.espncricinfo.com/cricketers/anthony-ireland-55522
Malachi Jones,https://www.espncricinfo.com/cricketers/malachi-jones-257574
David Hemp,https://www.espncricinfo.com/cricketers/david-hemp-14153
Lionel Cann,https://www.espncricinfo.com/cricketers/lionel-cann-23681
Peter Borren,https://www.espncricinfo.com/cricketers/peter-borren-36592
George Codrington,https://www.espncricinfo.com/cricketers/george-codrington-23811
Iftikhar Anjum,https://www.espncricinfo.com/cricketers/iftikhar-anjum-40591
Mohammad Hafeez,https://www.espncricinfo.com/cricketers/mohammad-hafeez-41434
Shoaib Malik,https://www.espncricinfo.com/cricketers/shoaib-malik-42657
Kevin Pietersen,https://www.espncricinfo.com/cricketers/kevin-pietersen-19296
Ed Rainsford,https://www.espncricinfo.com/cricketers/ed-rainsford-55740
Irving Romaine,https://www.espncricinfo.com/cricketers/irving-romaine-23725
Brad Hodge,https://www.espncricinfo.com/cricketers/brad-hodge-5674
Nehemiah Odhiambo,https://www.espncricinfo.com/cricketers/nehemiah-odhiambo-238612
Naved-ul-Hasan,https://www.espncricinfo.com/cricketers/naved-ul-hasan-42272
Sreesanth,https://www.espncricinfo.com/cricketers/sreesanth-34274
Virat Kohli,https://www.espncricinfo.com/cricketers/virat-kohli-253802
Thisara Perera,https://www.espncricinfo.com/cricketers/thisara-perera-233514
Suraj Randiv,https://www.espncricinfo.com/cricketers/suraj-randiv-50438
Wahab Riaz,https://www.espncricinfo.com/cricketers/wahab-riaz-43590
Saeed Ajmal,https://www.espncricinfo.com/cricketers/saeed-ajmal-42699
Rangana Herath,https://www.espncricinfo.com/cricketers/rangana-herath-49178
Angelo Mathews,https://www.espncricinfo.com/cricketers/angelo-mathews-49764
Ajantha Mendis,https://www.espncricinfo.com/cricketers/ajantha-mendis-268739
Nathan McCullum,https://www.espncricinfo.com/cricketers/nathan-mccullum-37749
Tim Southee,https://www.espncricinfo.com/cricketers/tim-southee-232364
Andy McKay,https://www.espncricinfo.com/cricketers/andy-mckay-38005
Jesse Ryder,https://www.espncricinfo.com/cricketers/jesse-ryder-38373
Tim Bresnan,https://www.espncricinfo.com/cricketers/tim-bresnan-9310
Graeme Swann,https://www.espncricinfo.com/cricketers/graeme-swann-20431
Chris Tremlett,https://www.espncricinfo.com/cricketers/chris-tremlett-21650
James Tredwell,https://www.espncricinfo.com/cricketers/james-tredwell-21646
Luke Wright,https://www.espncricinfo.com/cricketers/luke-wright-23460
Dale Steyn,https://www.espncricinfo.com/cricketers/dale-steyn-47492
Johan Botha,https://www.espncricinfo.com/cricketers/johan-botha-44149
Morne Morkel,https://www.espncricinfo.com/cricketers/morne-morkel-46538
Imran Tahir,https://www.espncricinfo.com/cricketers/imran-tahir-40618
Jean-Paul Duminy,https://www.espncricinfo.com/cricketers/jean-paul-duminy-44932
Luke Woodcock,https://www.espncricinfo.com/cricketers/luke-woodcock-38920
Ravichandran Ashwin,https://www.espncricinfo.com/cricketers/ravichandran-ashwin-26421
Mitchell Johnson,https://www.espncricinfo.com/cricketers/mitchell-johnson-6033
Jason Krejza,https://www.espncricinfo.com/cricketers/jason-krejza-6235
David Hussey,https://www.espncricinfo.com/cricketers/david-hussey-5766
Kemar Roach,https://www.espncricinfo.com/cricketers/kemar-roach-230553
Ravi Rampaul,https://www.espncricinfo.com/cricketers/ravi-rampaul-52912
Devendra Bishoo,https://www.espncricinfo.com/cricketers/devendra-bishoo-341593
Daren Sammy,https://www.espncricinfo.com/cricketers/daren-sammy-53115
Sulieman Benn,https://www.espncricinfo.com/cricketers/sulieman-benn-51248
Andre Russell,https://www.espncricinfo.com/cricketers/andre-russell-276298
Yusuf Pathan,https://www.espncricinfo.com/cricketers/yusuf-pathan-32498
Suresh Raina,https://www.espncricinfo.com/cricketers/suresh-raina-33335
Elijah Otieno,https://www.espncricinfo.com/cricketers/elijah-otieno-293031
James Ngoche,https://www.espncricinfo.com/cricketers/james-ngoche-308691
Ray Price,https://www.espncricinfo.com/cricketers/ray-price-55698
Greg Lamb,https://www.espncricinfo.com/cricketers/greg-lamb-55562
Graeme Cremer,https://www.espncricinfo.com/cricketers/graeme-cremer-55346
Abdur Rehman,https://www.espncricinfo.com/cricketers/abdur-rehman-39091
Shafiul Islam,https://www.espncricinfo.com/cricketers/shafiul-islam-288305
Rubel Hossain,https://www.espncricinfo.com/cricketers/rubel-hossain-300619
Naeem Islam,https://www.espncricinfo.com/cricketers/naeem-islam-56054
Mahmudullah,https://www.espncricinfo.com/cricketers/mahmudullah-56025
Lonwabo Tsotsobe,https://www.espncricinfo.com/cricketers/lonwabo-tsotsobe-47666
Wayne Parnell,https://www.espncricinfo.com/cricketers/wayne-parnell-265564
Hamish Bennett,https://www.espncricinfo.com/cricketers/hamish-bennett-226493
Kane Williamson,https://www.espncricinfo.com/cricketers/kane-williamson-277906
George Dockrell,https://www.espncricinfo.com/cricketers/george-dockrell-348034
Paul Stirling,https://www.espncricinfo.com/cricketers/paul-stirling-303427
Alex Cusack,https://www.espncricinfo.com/cricketers/alex-cusack-293983
Mudassar Bukhari,https://www.espncricinfo.com/cricketers/mudassar-bukhari-245166
Bernard Loots,https://www.espncricinfo.com/cricketers/bernard-loots-466610
Pieter Seelaar,https://www.espncricinfo.com/cricketers/pieter-seelaar-208657
Tom Cooper,https://www.espncricinfo.com/cricketers/tom-cooper-219885
Steven Smith,https://www.espncricinfo.com/cricketers/steven-smith-267192
Harvir Baidwan,https://www.espncricinfo.com/cricketers/harvir-baidwan-355583
Balaji Rao,https://www.espncricinfo.com/cricketers/balaji-rao-26826
Rizwan Cheema,https://www.espncricinfo.com/cricketers/rizwan-cheema-361952
Hiral Patel,https://www.espncricinfo.com/cricketers/hiral-patel-414248
Shingi Masakadza,https://www.espncricinfo.com/cricketers/shingi-masakadza-343529
Sohrawordi Shuvo,https://www.espncricinfo.com/cricketers/sohrawordi-shuvo-56138
Khurram Chohan,https://www.espncricinfo.com/cricketers/khurram-chohan-41224
Jimmy Hansra,https://www.espncricinfo.com/cricketers/jimmy-hansra-418615
Faf du Plessis,https://www.espncricinfo.com/cricketers/faf-du-plessis-44828
Ajmal Shahzad,https://www.espncricinfo.com/cricketers/ajmal-shahzad-21431
Nikita Miller,https://www.espncricinfo.com/cricketers/nikita-miller-52622
Tinashe Panyangara,https://www.espncricinfo.com/cricketers/tinashe-panyangara-55705
Piyush Chawla,https://www.espncricinfo.com/cricketers/piyush-chawla-32966
Bradley Kruger,https://www.espncricinfo.com/cricketers/bradley-kruger-297517
Parth Desai,https://www.espncricinfo.com/cricketers/parth-desai-440977
Michael Yardy,https://www.espncricinfo.com/cricketers/michael-yardy-23523
Tyson Gordon,https://www.espncricinfo.com/cricketers/tyson-gordon-208755
Berend Westdijk,https://www.espncricinfo.com/cricketers/berend-westdijk-413702
Chamara Silva,https://www.espncricinfo.com/cricketers/chamara-silva-50431
Shem Ngoche,https://www.espncricinfo.com/cricketers/shem-ngoche-308515
Devon Smith,https://www.espncricinfo.com/cricketers/devon-smith-52962
Brendan Taylor,https://www.espncricinfo.com/cricketers/brendan-taylor-55814
Thilan Samaraweera,https://www.espncricinfo.com/cricketers/thilan-samaraweera-50424
Mitchell Starc,https://www.espncricinfo.com/cricketers/mitchell-starc-311592
Josh Hazlewood,https://www.espncricinfo.com/cricketers/josh-hazlewood-288284
Glenn Maxwell,https://www.espncricinfo.com/cricketers/glenn-maxwell-325026
James Faulkner,https://www.espncricinfo.com/cricketers/james-faulkner-270484
Trent Boult,https://www.espncricinfo.com/cricketers/trent-boult-277912
Matt Henry,https://www.espncricinfo.com/cricketers/matt-henry-506612
Corey Anderson,https://www.espncricinfo.com/cricketers/corey-anderson-277662
Mohammed Shami,https://www.espncricinfo.com/cricketers/mohammed-shami-481896
Umesh Yadav,https://www.espncricinfo.com/cricketers/umesh-yadav-376116
Mohit Sharma,https://www.espncricinfo.com/cricketers/mohit-sharma-537119
Ravindra Jadeja,https://www.espncricinfo.com/cricketers/ravindra-jadeja-234675
Grant Elliott,https://www.espncricinfo.com/cricketers/grant-elliott-44956
Vernon Philander,https://www.espncricinfo.com/cricketers/vernon-philander-46945
AB de Villiers,https://www.espncricinfo.com/cricketers/ab-de-villiers-44936
Jason Holder,https://www.espncricinfo.com/cricketers/jason-holder-391485
Adam Milne,https://www.espncricinfo.com/cricketers/adam-milne-450860
Sohail Khan,https://www.espncricinfo.com/cricketers/sohail-khan-317252
Ehsan Adil,https://www.espncricinfo.com/cricketers/ehsan-adil-547092
Rahat Ali,https://www.espncricinfo.com/cricketers/rahat-ali-323244
Haris Sohail,https://www.espncricinfo.com/cricketers/haris-sohail-318788
Taskin Ahmed,https://www.espncricinfo.com/cricketers/taskin-ahmed-538506
Nasir Hossain,https://www.espncricinfo.com/cricketers/nasir-hossain-300618
Kyle Abbott,https://www.espncricinfo.com/cricketers/kyle-abbott-297583
Tharindu Kaushal,https://www.espncricinfo.com/cricketers/tharindu-kaushal-465797
Dushmantha Chameera,https://www.espncricinfo.com/cricketers/dushmantha-chameera-552152
Stuart Thompson,https://www.espncricinfo.com/cricketers/stuart-thompson-414821
Nasir Aziz,https://www.espncricinfo.com/cricketers/nasir-aziz-447290
Mohammad Naveed,https://www.espncricinfo.com/cricketers/mohammad-naveed-533862
Manjula Guruge,https://www.espncricinfo.com/cricketers/manjula-guruge-49013
Mohammad Tauqir,https://www.espncricinfo.com/cricketers/mohammad-tauqir-25601
Amjad Javed,https://www.espncricinfo.com/cricketers/amjad-javed-25613
Pat Cummins,https://www.espncricinfo.com/cricketers/pat-cummins-489889
Iain Wardlaw,https://www.espncricinfo.com/cricketers/iain-wardlaw-509107
Rob Taylor,https://www.espncricinfo.com/cricketers/rob-taylor-353431
Josh Davey,https://www.espncricinfo.com/cricketers/josh-davey-407265
Michael Leask,https://www.espncricinfo.com/cricketers/michael-leask-414966
Tendai Chatara,https://www.espncricinfo.com/cricketers/tendai-chatara-425639
Solomon Mire,https://www.espncricinfo.com/cricketers/solomon-mire-290462
Sikandar Raza,https://www.espncricinfo.com/cricketers/sikandar-raza-299572
Hamilton Masakadza,https://www.espncricinfo.com/cricketers/hamilton-masakadza-55608
Chris Jordan,https://www.espncricinfo.com/cricketers/chris-jordan-288992
Shapoor Zadran,https://www.espncricinfo.com/cricketers/shapoor-zadran-319746
Dawlat Zadran,https://www.espncricinfo.com/cricketers/dawlat-zadran-516561
Hamid Hassan,https://www.espncricinfo.com/cricketers/hamid-hassan-311427
Mohammad Nabi,https://www.espncricinfo.com/cricketers/mohammad-nabi-25913
Samiullah Shinwari,https://www.espncricinfo.com/cricketers/samiullah-shinwari-318339
Mitchell McClenaghan,https://www.espncricinfo.com/cricketers/mitchell-mcclenaghan-319439
Taijul Islam,https://www.espncricinfo.com/cricketers/taijul-islam-401057
Soumya Sarkar,https://www.espncricinfo.com/cricketers/soumya-sarkar-436677
Sabbir Rahman,https://www.espncricinfo.com/cricketers/sabbir-rahman-373538
Kamran Shazad,https://www.espncricinfo.com/cricketers/kamran-shazad-623104
Fahad Alhashmi,https://www.espncricinfo.com/cricketers/fahad-alhashmi-220521
Khurram Khan,https://www.espncricinfo.com/cricketers/khurram-khan-25589
Shaiman Anwar,https://www.espncricinfo.com/cricketers/shaiman-anwar-43121
Farhaan Behardien,https://www.espncricinfo.com/cricketers/farhaan-behardien-44410
Alasdair Evans,https://www.espncricinfo.com/cricketers/alasdair-evans-399259
Richie Berrington,https://www.espncricinfo.com/cricketers/richie-berrington-25490
Kyle Coetzer,https://www.espncricinfo.com/cricketers/kyle-coetzer-25446
Matt Machan,https://www.espncricinfo.com/cricketers/matt-machan-297488
Seekkuge Prasanna,https://www.espncricinfo.com/cricketers/seekkuge-prasanna-268740
Rohit Sharma,https://www.espncricinfo.com/cricketers/rohit-sharma-34102
Chris Woakes,https://www.espncricinfo.com/cricketers/chris-woakes-247235
Moeen Ali,https://www.espncricinfo.com/cricketers/moeen-ali-8917
Joe Root,https://www.espncricinfo.com/cricketers/joe-root-303669
Arafat Sunny,https://www.espncricinfo.com/cricketers/arafat-sunny-56268
Sachithra Senanayake,https://www.espncricinfo.com/cricketers/sachithra-senanayake-273439
Xavier Doherty,https://www.espncricinfo.com/cricketers/xavier-doherty-5017
Andy McBrine,https://www.espncricinfo.com/cricketers/andy-mcbrine-417381
Mohammad Irfan,https://www.espncricinfo.com/cricketers/mohammad-irfan-429981
Javed Ahmadi,https://www.espncricinfo.com/cricketers/javed-ahmadi-308235
Nawroz Mangal,https://www.espncricinfo.com/cricketers/nawroz-mangal-318334
Mitchell Marsh,https://www.espncricinfo.com/cricketers/mitchell-marsh-272450
Krishna Chandran,https://www.espncricinfo.com/cricketers/krishna-chandran-290645
Rohan Mustafa,https://www.espncricinfo.com/cricketers/rohan-mustafa-307808
Sohaib Maqsood,https://www.espncricinfo.com/cricketers/sohaib-maqsood-43266
Max Sorensen,https://www.espncricinfo.com/cricketers/max-sorensen-531953
Rilee Rossouw,https://www.espncricinfo.com/cricketers/rilee-rossouw-318845
Suranga Lakmal,https://www.espncricinfo.com/cricketers/suranga-lakmal-49619
Steven Finn,https://www.espncricinfo.com/cricketers/steven-finn-210283
Bhuvneshwar Kumar,https://www.espncricinfo.com/cricketers/bhuvneshwar-kumar-326016
Gulbadin Naib,https://www.espncricinfo.com/cricketers/gulbadin-naib-352048
Tafadzwa Kamungozi,https://www.espncricinfo.com/cricketers/tafadzwa-kamungozi-235521
Jeevan Mendis,https://www.espncricinfo.com/cricketers/jeevan-mendis-49700
Mirwais Ashraf,https://www.espncricinfo.com/cricketers/mirwais-ashraf-387420
Asghar Afghan,https://www.espncricinfo.com/cricketers/asghar-afghan-320652
Aftab Alam,https://www.espncricinfo.com/cricketers/aftab-alam-440963
Lendl Simmons,https://www.espncricinfo.com/cricketers/lendl-simmons-53116
Yasir Shah,https://www.espncricinfo.com/cricketers/yasir-shah-43685
Jofra Archer,https://www.espncricinfo.com/cricketers/jofra-archer-669855
Mark Wood,https://www.espncricinfo.com/cricketers/mark-wood-351588
Adil Rashid,https://www.espncricinfo.com/cricketers/adil-rashid-244497
Ben Stokes,https://www.espncricinfo.com/cricketers/ben-stokes-311158
Colin de Grandhomme,https://www.espncricinfo.com/cricketers/colin-de-grandhomme-55395
Lockie Ferguson,https://www.espncricinfo.com/cricketers/lockie-ferguson-493773
James Neesham,https://www.espncricinfo.com/cricketers/james-neesham-355269
Mitchell Santner,https://www.espncricinfo.com/cricketers/mitchell-santner-502714
Jason Behrendorff,https://www.espncricinfo.com/cricketers/jason-behrendorff-272477
Nathan Lyon,https://www.espncricinfo.com/cricketers/nathan-lyon-272279
Marcus Stoinis,https://www.espncricinfo.com/cricketers/marcus-stoinis-325012
Jasprit Bumrah,https://www.espncricinfo.com/cricketers/jasprit-bumrah-625383
Hardik Pandya,https://www.espncricinfo.com/cricketers/hardik-pandya-625371
Yuzvendra Chahal,https://www.espncricinfo.com/cricketers/yuzvendra-chahal-430246
Kagiso Rabada,https://www.espncricinfo.com/cricketers/kagiso-rabada-550215
Dwaine Pretorius,https://www.espncricinfo.com/cricketers/dwaine-pretorius-327830
Chris Morris,https://www.espncricinfo.com/cricketers/chris-morris-439952
Tabraiz Shamsi,https://www.espncricinfo.com/cricketers/tabraiz-shamsi-379145
Andile Phehlukwayo,https://www.espncricinfo.com/cricketers/andile-phehlukwayo-540316
Kuldeep Yadav,https://www.espncricinfo.com/cricketers/kuldeep-yadav-559235
Kasun Rajitha,https://www.espncricinfo.com/cricketers/kasun-rajitha-499594
Isuru Udana,https://www.espncricinfo.com/cricketers/isuru-udana-328026
Dhananjaya de Silva,https://www.espncricinfo.com/cricketers/dhananjaya-de-silva-465793
Mehidy Hasan Miraz,https://www.espncricinfo.com/cricketers/mehidy-hasan-miraz-629063
Mohammad Saifuddin,https://www.espncricinfo.com/cricketers/mohammad-saifuddin-629070
Mustafizur Rahman,https://www.espncricinfo.com/cricketers/mustafizur-rahman-330902
Mosaddek Hossain,https://www.espncricinfo.com/cricketers/mosaddek-hossain-550133
Mohammad Amir,https://www.espncricinfo.com/cricketers/mohammad-amir-290948
Shaheen Shah Afridi,https://www.espncricinfo.com/cricketers/shaheen-shah-afridi-1072470
Imad Wasim,https://www.espncricinfo.com/cricketers/imad-wasim-227758
Shadab Khan,https://www.espncricinfo.com/cricketers/shadab-khan-922943
Mujeeb Ur Rahman,https://www.espncricinfo.com/cricketers/mujeeb-ur-rahman-974109
Sayed Shirzad,https://www.espncricinfo.com/cricketers/sayed-shirzad-524050
Sheldon Cottrell,https://www.espncricinfo.com/cricketers/sheldon-cottrell-495551
Oshane Thomas,https://www.espncricinfo.com/cricketers/oshane-thomas-914567
Fabian Allen,https://www.espncricinfo.com/cricketers/fabian-allen-670013
Carlos Brathwaite,https://www.espncricinfo.com/cricketers/carlos-brathwaite-457249
Shannon Gabriel,https://www.espncricinfo.com/cricketers/shannon-gabriel-446101
Jeffrey Vandersay,https://www.espncricinfo.com/cricketers/jeffrey-vandersay-370040
Dimuth Karunaratne,https://www.espncricinfo.com/cricketers/dimuth-karunaratne-227772
Ish Sodhi,https://www.espncricinfo.com/cricketers/ish-sodhi-559066
Aaron Finch,https://www.espncricinfo.com/cricketers/aaron-finch-5334
Kedar Jadhav,https://www.espncricinfo.com/cricketers/kedar-jadhav-290716
Colin Munro,https://www.espncricinfo.com/cricketers/colin-munro-232359
Rahmat Shah,https://www.espncricinfo.com/cricketers/rahmat-shah-533956
Lungi Ngidi,https://www.espncricinfo.com/cricketers/lungi-ngidi-542023
Aiden Markram,https://www.espncricinfo.com/cricketers/aiden-markram-600498
Ashley Nurse,https://www.espncricinfo.com/cricketers/ashley-nurse-315594
Nuwan Pradeep,https://www.espncricinfo.com/cricketers/nuwan-pradeep-324358
Nathan Coulter-Nile,https://www.espncricinfo.com/cricketers/nathan-coulter-nile-261354
Adam Zampa,https://www.espncricinfo.com/cricketers/adam-zampa-379504
Hasan Ali,https://www.espncricinfo.com/cricketers/hasan-ali-681305
Vijay Shankar,https://www.espncricinfo.com/cricketers/vijay-shankar-477021
Beuran Hendricks,https://www.espncricinfo.com/cricketers/beuran-hendricks-379927
Milinda Siriwardana,https://www.espncricinfo.com/cricketers/milinda-siriwardana-222354
Kane Richardson,https://www.espncricinfo.com/cricketers/kane-richardson-272262
Travis Head,https://www.espncricinfo.com/cricketers/travis-head-530011
Mohammed Siraj,https://www.espncricinfo.com/cricketers/mohammed-siraj-940973
Marco Jansen,https://www.espncricinfo.com/cricketers/marco-jansen-696401
Gerald Coetzee,https://www.espncricinfo.com/cricketers/gerald-coetzee-596010
Keshav Maharaj,https://www.espncricinfo.com/cricketers/keshav-maharaj-267724
Rachin Ravindra,https://www.espncricinfo.com/cricketers/rachin-ravindra-959767
Glenn Phillips,https://www.espncricinfo.com/cricketers/glenn-phillips-823509
Aryan Dutt,https://www.espncricinfo.com/cricketers/aryan-dutt-1195672
Logan van Beek,https://www.espncricinfo.com/cricketers/logan-van-beek-440522
Colin Ackermann,https://www.espncricinfo.com/cricketers/colin-ackermann-379774
Paul van Meekeren,https://www.espncricinfo.com/cricketers/paul-van-meekeren-348109
Roelof van der Merwe,https://www.espncricinfo.com/cricketers/roelof-van-der-merwe-47850
Bas de Leede,https://www.espncricinfo.com/cricketers/bas-de-leede-1036191
Shubman Gill,https://www.espncricinfo.com/cricketers/shubman-gill-1070173
Suryakumar Yadav,https://www.espncricinfo.com/cricketers/suryakumar-yadav-446507
Haris Rauf,https://www.espncricinfo.com/cricketers/haris-rauf-1161606
Iftikhar Ahmed,https://www.espncricinfo.com/cricketers/iftikhar-ahmed-480603
Mohammad Wasim,https://www.espncricinfo.com/cricketers/mohammad-wasim-1185538
Salman Agha,https://www.espncricinfo.com/cricketers/salman-agha-623977
David Willey,https://www.espncricinfo.com/cricketers/david-willey-308251
Gus Atkinson,https://www.espncricinfo.com/cricketers/gus-atkinson-1039481
Sean Abbott,https://www.espncricinfo.com/cricketers/sean-abbott-398666
Mahedi Hasan,https://www.espncricinfo.com/cricketers/mahedi-hasan-833087
Nasum Ahmed,https://www.espncricinfo.com/cricketers/nasum-ahmed-348049
Naveen-ul-Haq,https://www.espncricinfo.com/cricketers/naveen-ul-haq-793447
Azmatullah Omarzai,https://www.espncricinfo.com/cricketers/azmatullah-omarzai-819429
Noor Ahmad,https://www.espncricinfo.com/cricketers/noor-ahmad-1182529
Dilshan Madushanka,https://www.espncricinfo.com/cricketers/dilshan-madushanka-793007
Maheesh Theekshana,https://www.espncricinfo.com/cricketers/maheesh-theekshana-1138316
Shoriful Islam,https://www.espncricinfo.com/cricketers/shoriful-islam-990039
Tanzim Hasan Sakib,https://www.espncricinfo.com/cricketers/tanzim-hasan-sakib-1139520
Liam Livingstone,https://www.espncricinfo.com/cricketers/liam-livingstone-403902
Daryl Mitchell,https://www.espncricinfo.com/cricketers/daryl-mitchell-381743
Fazalhaq Farooqi,https://www.espncricinfo.com/cricketers/fazalhaq-farooqi-974175
Saqib Zulfiqar,https://www.espncricinfo.com/cricketers/saqib-zulfiqar-526481
Dushan Hemantha,https://www.espncricinfo.com/cricketers/dushan-hemantha-721041
Usama Mir,https://www.espncricinfo.com/cricketers/usama-mir-647667
Najmul Hossain Shanto,https://www.espncricinfo.com/cricketers/najmul-hossain-shanto-629058
Shariz Ahmad,https://www.espncricinfo.com/cricketers/shariz-ahmad-1278252
Mohammad Nawaz,https://www.espncricinfo.com/cricketers/mohammad-nawaz-348148
Lahiru Kumara,https://www.espncricinfo.com/cricketers/lahiru-kumara-784375
Vikramjit Singh,https://www.espncricinfo.com/cricketers/vikramjit-singh-1153767
Hasan Mahmud,https://www.espncricinfo.com/cricketers/hasan-mahmud-926629
Lizaad Williams,https://www.espncricinfo.com/cricketers/lizaad-williams-379887
Reece Topley,https://www.espncricinfo.com/cricketers/reece-topley-461632
Chamika Karunaratne,https://www.espncricinfo.com/cricketers/chamika-karunaratne-623695
Shardul Thakur,https://www.espncricinfo.com/cricketers/shardul-thakur-475281
Dunith Wellalage,https://www.espncricinfo.com/cricketers/dunith-wellalage-1152427
Sam Curran,https://www.espncricinfo.com/cricketers/sam-curran-662973
Dasun Shanaka,https://www.espncricinfo.com/cricketers/dasun-shanaka-437316
Matheesha Pathirana,https://www.espncricinfo.com/cricketers/matheesha-pathirana-1194795
Charith Asalanka,https://www.espncricinfo.com/cricketers/charith-asalanka-784367
Ryan Klein,https://www.espncricinfo.com/cricketers/ryan-klein-594996
Cameron Green,https://www.espncricinfo.com/cricketers/cameron-green-1076713
